[{"projectUrl":"","provider":"Anarchise","name":"ABankStander","description":"Anarchise' Bank Stander.","id":"abankstander-plugin","releases":[{"date":"2022-02-17","sha512sum":"94EC133DD312330C110B1C04EA15BF285A2944D0F782545D38A47934DBA3A29722A549DA9A4714BC3EF9CC5614D50E7314F9E86CC66C882664318762862991F0","version":"1.0.7","url":"https://github.com/Anarchise/aplugins/blob/master/release/abankstander-1.0.7.jar?raw=true"}]}, {"projectUrl":"","provider":"Anarchise","name":"Anarchise Crabs","description":"Does crabs, resetting every ~10 mins","id":"anarchisecrabs-plugin","releases":[{"date":"2022-02-17","sha512sum":"5E497E3A586A27C63302BD61CFE4A52FB58AC0A232676A4A9524B572D7A4035E1CDB84B724AFB0EE7BED6875A23C3D7D58A29C988867CAA587A8EE1DD29363BA","version":"1.0.3","url":"https://github.com/Anarchise/aplugins/blob/master/release/ACrabs-1.0.3.jar?raw=true"}]}, {"projectUrl":"","provider":"Anarchise","name":"AFighter","description":"Anarchise' Auto Fighter.","id":"afighter-plugin","releases":[{"date":"2022-02-17","sha512sum":"D17AADBF8C2C9369B01782C397FAE011819A494ECB79C46EC1CBBCB881FE9759E305F8C0E021C6D939D578FB6CAA2F4E6C1580DD2CE35DCBFCEF43EBF673985C","version":"1.0.4","url":"https://github.com/Anarchise/aplugins/blob/master/release/afighter-1.0.4.jar?raw=true"}]}, {"projectUrl":"","provider":"Anarchise","name":"Anarchise' Food Eater","description":"Eats food and drinks restores.","id":"anarchisefoodeater-plugin","releases":[{"date":"2022-02-17","sha512sum":"C1942D2EB780CE10D43F7692D66B041DFF8EB69AD2B0BD39D1A4F9E02A92D3BC6EA8DAF98FB417DF35EC4513F956833952E66AAC39D9B8E192FD5A1992A641CC","version":"1.0.6","url":"https://github.com/Anarchise/aplugins/blob/master/release/afood-1.0.6.jar?raw=true"}]}, {"projectUrl":"","provider":"Anarchise","name":"AHotkey","description":"Anarchise' Widget Hotkeys","id":"ahotkey-plugin","releases":[{"date":"2022-02-17","sha512sum":"6A5FCC4E53EF30523A55BC636C86979AE1CD46FBBAAA287CE85D4F453C2381534FCBBD91B79C05615705FFA5B851261432D5386F112AED0E8CEB5DCEDD0B375B","version":"1.0.1","url":"https://github.com/Anarchise/aplugins/blob/master/release/ahotkeys-1.0.1.jar?raw=true"}]}, {"projectUrl":"","provider":"Anarchise","name":"Anarchise' Pest Control","description":"Plays pest control.","id":"anarchisepestcontrol-plugin","releases":[{"date":"2022-02-17","sha512sum":"6DACBDF656D56E1FF0FA6CBA55B81BDBA42B632346D3F8EDE0D2699723C9544D08305DB6A687DB420BE6277046426A6F8BF9C0079FACA2B2DAD89F9BF614E006","version":"1.0.3","url":"https://github.com/Anarchise/aplugins/blob/master/release/apest-1.0.3.jar?raw=true"}]}, {"projectUrl":"","provider":"Anarchise","name":"APickpocket","description":"Anarchise' Pickpocket Plugin","id":"apickpocket-plugin","releases":[{"date":"2022-02-17","sha512sum":"26FE8D7EDA3F8A27759C3230093657A0A1E6E56D44022A5146DA7129356614841DFF8B92813C8421EFECD1EFAA321DAFDB52A2407611197695EA0ABCFFD7A22B","version":"1.0.3","url":"https://github.com/Anarchise/aplugins/blob/master/release/apickpocket-1.0.3.jar?raw=true"}]}, {"projectUrl":"","provider":"Anarchise","name":"APker","description":"Anarchise' PKing Tools","id":"apker-plugin","releases":[{"date":"2022-02-17","sha512sum":"F86DF0C96378AA16903E760C0490CC7F85F4EF4E79D1D2EED47648B8E64BAFE2FED70D5B5595237EFCC421294B0E0CDC8110EE42A6951EB9A897565F3EE929FB","version":"1.0.3","url":"https://github.com/Anarchise/aplugins/blob/master/release/apker-1.0.3.jar?raw=true"}]}, {"projectUrl":"","provider":"Anarchise","name":"ARcer","description":"Anarchise' Runecrafter.","id":"arcer-plugin","releases":[{"date":"2022-02-17","sha512sum":"8A88AD1EBF362DCB0DE7306638ADF27495DAE09CF62753BDACBA2BDCF870994AAD665EE7B0AEFB650C9618E2F6EF8411F72E9AC83836423999B196BEF50EF7B9","version":"1.0.3","url":"https://github.com/Anarchise/aplugins/blob/master/release/arcer-1.0.3.jar?raw=true"}]}, {"projectUrl":"","provider":"Anarchise","name":"Anarchise' Rune Dragon Plugin","description":"Auto Rune Dragons.","id":"anarchiserunedragonplugin-plugin","releases":[{"date":"2022-02-17","sha512sum":"8F9EF570BE2A3C9D67640BA322EB3072CF53215EF97915F5E57CC154290606BB56A394261654FAB9F66EF2B72BED4807EDFCE0427918E3BDCBC69F0E381FE512","version":"1.0.8","url":"https://github.com/Anarchise/aplugins/blob/master/release/arunedragons-1.0.8.jar?raw=true"}]}, {"projectUrl":"","provider":"Anarchise","name":"ASkiller","description":"Anarchise' Auto Skiller.","id":"askiller-plugin","releases":[{"date":"2022-02-17","sha512sum":"3765020BB97A8B79D8C1A24BFDD3B98324708F1F180967599091AFFEB937DBE0095889AFE5FDEAB1D0CC23235D0537E80599853FE9247666FA3727FB70BAE77B","version":"1.0.3","url":"https://github.com/Anarchise/aplugins/blob/master/release/askiller-1.0.3.jar?raw=true"}]}, {"projectUrl":"","provider":"Anarchise","name":"AStunTeleAlch","description":"Anarchise' Stun/Tele Alcher.","id":"astuntelealch-plugin","releases":[{"date":"2022-02-17","sha512sum":"E95B5E26D29D9CA2D2690EA8F14C45EBC1725D96EA89C84F77DBFD874715532B1D5C233E9004F27D7B11D310CE4CEAAD82034A7C124D145743DF9E54D76FF0E1","version":"1.0.8","url":"https://github.com/Anarchise/aplugins/blob/master/release/astuntelealch-1.0.8.jar?raw=true"}]}, {"projectUrl":"","provider":"Anarchise","name":"ATablets","description":"Anarchise' Tablet Maker","id":"atablets-plugin","releases":[{"date":"2022-02-17","sha512sum":"04F2EBC3ACD5117132B9F8711123CA807C7BE2EFCC1DA836F930D3A0720B32602A758D76209D28785C5E55B3824DD443A3A8D80C91B36ED9B9EED96ECE483B39","version":"1.0.3","url":"https://github.com/Anarchise/aplugins/blob/master/release/atablets-1.0.3.jar?raw=true"}]}, {"projectUrl":"","provider":"Anarchise","name":"ATempoross","description":"Kills tempoross. All modes supported.","id":"atempoross-plugin","releases":[{"date":"2022-02-17","sha512sum":"696F8837CB9699DADF1C10262B4C26AAEA72CD33F914364B213D9996992797C30F2594F0A98BC011214882839D37BF5AB706B395504C29D0A497C9F52471051C","version":"1.1.1","url":"https://github.com/Anarchise/aplugins/blob/master/release/atempoross-1.1.1.jar?raw=true"}]}, {"projectUrl":"","provider":"Anarchise","name":"AUtils","description":"Tools required for APlugins to function.","id":"autils-plugin","releases":[{"date":"2022-02-17","sha512sum":"904039F6F1735863F59955B5BBD53D4F2AAED09C088A1C43A07A6BFFE1C8B45C8DD41C425CAA71EE1FAF25161FFDE5C1C907700E65D75AB73F21B50CC20193EE","version":"1.0.4","url":"https://github.com/Anarchise/aplugins/blob/master/release/autils-1.0.4.jar?raw=true"}]}, {"projectUrl":"","provider":"Anarchise","name":"AVorkath","description":"Anarchise' Automated Vorkath.","id":"avorkath-plugin","releases":[{"date":"2022-02-17","sha512sum":"8F08D4FDFDFE6801218C778B48B4AB45374D81A4B13F4772696AC8643E17F00A53BB2C797EC22C52FE310B1FD4A10C8DD3D7C727737DF8CE9FF7A085D3C33464","version":"1.0.5","url":"https://github.com/Anarchise/aplugins/blob/master/release/avorkath-1.0.5.jar?raw=true"}]}, {"projectUrl":"","provider":"Anarchise","name":"AZulrah","description":"Anarchise' Automated Zulrah.","id":"azulrah-plugin","releases":[{"date":"2022-02-17","sha512sum":"58DEE80CC08E7A394EA09DC62ED04A834CEA1973B315410AD805D1BE1D5AE1786DD4A5A6C2EAC887883DF5EA9304CD8487425E10A521F108E02F38893CB62831","version":"1.0.7","url":"https://github.com/Anarchise/aplugins/blob/master/release/azulrah-1.0.7.jar?raw=true"}]}]
